epoch,time,train/box_loss,train/cls_loss,train/dfl_loss,metrics/precision(B),metrics/recall(B),metrics/mAP50(B),metrics/mAP50-95(B),val/box_loss,val/cls_loss,val/dfl_loss,lr/pg0,lr/pg1,lr/pg2
1,408.037,2.31837,3.89414,2.07015,0.23717,0.11705,0.043,0.02104,2.38171,3.53718,1.8457,0.00027724,0.00027724,0.00027724
2,947.436,2.23535,3.45148,2.07014,0.67999,0.05045,0.03899,0.01512,2.35971,3.51387,1.79281,0.000445035,0.000445035,0.000445035
3,1507.81,2.16344,3.38678,2.04429,0.30542,0.08013,0.05408,0.02678,2.30781,3.16615,1.85714,0.000502874,0.000502874,0.000502874
4,2048.79,2.09229,3.21304,1.9866,0.35283,0.11734,0.05813,0.02989,2.18344,3.21186,1.74382,0.000338198,0.000338198,0.000338198
5,2595.34,1.99883,3.00108,1.92096,0.22502,0.11963,0.05799,0.02757,2.1877,2.84176,1.72931,0.000173264,0.000173264,0.000173264
